Pair,Sector,Discovery_Score,Coint_pval,Half_Life,Train_Return_%,Train_Sharpe,UF_OOS_Return_%,UF_OOS_Sharpe,UF_OOS_MaxDD_%,UF_OOS_Trades,UF_OOS_WinRate_%,UF_OOS_AvgPnL_%,Market_Return_%,UF_Alpha_%,F_OOS_Return_%,F_OOS_Sharpe,F_OOS_MaxDD_%,F_OOS_Trades,F_OOS_WinRate_%,F_Alpha_%,Filter_Sharpe_Change,Pct_Healthy,Avg_Health_Score,Signals_Blocked_%,Filter_Improved,MC_pvalue,BS_Sharpe_Lo,BS_Sharpe_Hi
SCHW_RF,Banking,100,0.0062283919347916996,46.07565788081467,-29.971634706688675,-0.1146839637254024,-48.67406828431802,-0.2348446601114849,-76.81885938116262,51,39.21568627450981,0.4364884479274966,75.18307733355216,-123.85714561787017,9.559080516304919,0.10566836493469516,-34.62446661005778,8,2.575488454706927,-65.62399681724725,0.34051302504618003,8.436944937833037,0.2311245645059872,84.70588235294117,True,0.445,-0.6506497716908838,1.349104733663404
AMGN_SYK,Healthcare,100,0.009389350026015608,62.746598943989305,-19.072312953734883,-0.2646436544604353,-20.111535403572912,-0.3097116982298612,-44.5397973654087,44,52.27272727272727,-0.38072311393325736,75.18307733355216,-95.29461273712508,0.0,0.0,0.0,0,0.0,-75.18307733355216,0.3097116982298612,0.4440497335701598,0.22670516709612074,100.0,True,0.694,-0.9780214106961793,0.7283394266023011
BAC_PNC,Banking,100,0.0053121358695093724,38.81692760110815,-35.0218713591582,-0.36933761993940356,-7.417970178497835,-0.12581751839031535,-34.08445681218628,58,41.37931034482759,-0.061382512860956855,75.18307733355216,-82.60104751205,0.14664975473701602,0.007594946563292368,-6.71617609182168,8,1.5985790408525755,-75.03642757881515,0.13341246495360773,8.880994671403197,0.30549721978974,89.29663608562691,True,0.525,-0.906264794071286,0.8922742981037207
VMC_MLM,Materials,100,0.005553049456933124,33.45883605146679,28.009405556738145,0.4155434492574551,2.4281997738970995,0.06419608991430616,-10.74417790673724,60,36.666666666666664,0.06608219710324535,75.18307733355216,-72.75487755965506,-1.8126415940361795,-0.17660425957324333,-5.776394602016487,13,2.0426287744227354,-76.99571892758834,-0.24080034948754947,11.989342806394317,0.28952711500485695,86.56716417910447,False,0.411,-0.8325582470292122,1.061115233758993
LIN_VMC,Materials,100,0.007520094849036607,53.23273158301605,65.20787359213831,0.38978812532592333,-10.486352964229372,-0.12003361132779604,-49.726319174207966,52,57.692307692307686,-0.033207045708066533,75.18307733355216,-85.66943029778153,-14.167665328625157,-0.6108869763320106,-14.167665328625157,6,1.0657193605683837,-89.35074266217732,-0.49085336500421456,5.328596802841918,0.20153655100332418,89.9390243902439,False,0.512,-0.8768775095613551,1.0340293240532064
EMR_WM,Industrials,100,0.0033683561639394704,49.02278417578167,34.904247686973534,0.416593888745424,-18.035012007464914,-0.35608996339294346,-30.502935630509953,50,46.0,-0.33074722635404563,75.18307733355216,-93.21808934101708,11.074048370682776,0.33411636145316886,-7.213728562539656,10,2.3090586145648313,-64.10902896286939,0.6902063248461123,8.436944937833037,0.2879192490043999,82.00692041522491,True,0.738,-1.1617851618331934,0.6780880823588846
CAT_CTAS,Industrials,100,0.001753304200727901,54.342861504406656,-80.26535445485575,-0.9167706851231332,-33.66772248671969,-0.3560223474088116,-52.79272929080028,41,51.21951219512195,-0.6714839754864472,75.18307733355216,-108.85079982027186,-2.673346092772999,-0.18092797307703637,-9.42105256552057,1,0.5328596802841918,-77.85642342632516,0.17509437433177524,0.8880994671403196,0.24022669696216983,95.74468085106383,True,0.704,-1.019974496153796,0.756300885425241
CAT_EMR,Industrials,100,0.0056343926446117115,58.63810110474204,-38.166763860282984,-0.4016546195897293,37.48793677760129,0.2018582790453097,-51.79224311615251,49,57.14285714285714,1.2558602359183442,75.18307733355216,-37.69514055595087,-8.386815531525926,-0.36647844274305424,-14.262005499139496,2,0.4440497335701598,-83.56989286507809,-0.5683367217883639,6.216696269982238,0.2578071646323234,96.81978798586573,False,0.222,-0.5266642384036785,1.5523136651409901
HON_NSC,Industrials,100,0.004836168355124091,44.84981657590072,28.800175647374093,0.2967143289493279,-15.942956714624579,-0.31923186275574456,-25.95954889780647,44,34.090909090909086,-0.3222399891652711,75.18307733355216,-91.12603404817673,0.22399472685386002,0.030696202278535013,-2.285383608164816,3,0.7104795737122558,-74.9590826066983,0.3499280650342796,2.664298401420959,0.24380892351398417,95.16129032258065,True,0.709,-1.126692798523237,0.6226685712209541
SRE_ED,Utilities,100,0.000772301546443844,54.57455731939796,-28.065322801857917,-0.5184796063580335,-13.293445055535392,-0.27894309891256736,-31.663634157820752,49,48.97959183673469,-0.23309626869881106,75.18307733355216,-88.47652238908755,-7.159075495847289,-0.5685862434984509,-9.672334799198904,11,2.753108348134991,-82.34215282939945,-0.2896431445858835,9.325044404973356,0.257747120904028,79.17981072555204,False,0.659,-1.1392546596796518,0.7493252048274003
AMZN_DPZ,Consumer,100,0.008660212225704745,46.07743245298914,-13.844128474690686,-0.13549533003649347,49.32975978028982,0.4782815352245959,-31.65606346185344,47,63.829787234042556,0.9997237512471179,75.18307733355216,-25.853317553262343,1.1355520101827832,0.050463033172899956,-8.584327672114544,9,2.575488454706927,-74.04752532336938,-0.4278185020516959,8.792184724689166,0.27244646210924883,81.84931506849315,False,0.111,-0.33739837821612945,1.728155795416358
CL_CMG,Consumer,100,0.002294005923790856,41.6988211663204,-59.34776848958387,-0.12870303999718477,-64.51405204910452,-0.5472446708969403,-86.46385272573688,34,47.05882352941176,-2.078396070396607,75.18307733355216,-139.69712938265667,0.0,0.0,0.0,0,0.0,-75.18307733355216,0.5472446708969403,1.3321492007104796,0.18220198853933883,100.0,True,0.802,-1.01262837302745,0.5726095966146995
PNC_FITB,Banking,100,0.0012312160710893378,46.485929730653055,-2.6118627431963137,-0.0060330220339379955,-82.89162188712217,-0.4276542046496899,-84.92858858492778,49,51.02040816326531,-0.6556128864518102,75.18307733355216,-158.07469922067435,-28.557484342125903,-0.27706860961041785,-49.15779211096343,9,2.753108348134991,-103.74056167567807,0.15058559503927205,11.989342806394317,0.3058175325845469,80.61538461538461,True,0.613,-0.6896553378267051,1.0392306646523273
AVGO_IBM,Tech,100,0.00048281511455999944,34.69196358784145,-49.110532810481565,-0.486889437270507,34.320232286367315,0.26725829425178516,-26.996277153834352,36,52.77777777777778,1.237863972490783,75.18307733355216,-40.86284504718485,3.6829299832568996,0.17083823045470378,-7.796335548035235,4,1.6873889875666075,-71.50014735029526,-0.09642006379708137,5.772646536412078,0.19279817716898415,88.70523415977961,False,0.192,-0.5203828454836795,1.7264294141536543
GOOGL_INTU,Tech,100,0.0002152121925358281,42.88039897016089,-1.9142631796007503,-0.0210460019018936,2.515720330084159,0.041463024235058855,-25.752054622150624,53,49.056603773584904,0.12344988789898305,75.18307733355216,-72.667357003468,-10.918268545969045,-0.5536994605005929,-14.710113936143413,4,0.4440497335701598,-86.1013458795212,-0.5951624847356518,9.325044404973356,0.301133811856458,94.46153846153847,False,0.359,-0.7302010362821166,1.1163214643673127
AMD_QCOM,Tech,100,0.009425549345410403,56.28428166702485,-75.61601983590131,-0.6306302742715099,-29.33114750171918,-0.3208312252724813,-40.82493938489579,53,45.28301886792453,-0.4453237601503569,75.18307733355216,-104.51422483527134,-23.67939922451532,-0.5946213215708221,-24.76251952747004,10,2.841918294849023,-98.86247655806748,-0.27379009629834083,11.545293072824157,0.2798848679865774,80.54054054054053,False,0.665,-0.9900228961172125,0.7469926414679167
MSFT_INTU,Tech,100,0.001979716272875075,40.77155611000285,9.588967339162725,0.17603785167969357,-5.200459460522822,-0.09783435355369456,-19.75077746572345,48,47.91666666666667,-0.04263282975143512,75.18307733355216,-80.38353679407498,-12.25375980306811,-0.8457252123422966,-12.56917279370553,3,0.8880994671403196,-87.43683713662027,-0.7478908587886021,4.7957371225577266,0.29107325501788206,90.76086956521739,False,0.543,-0.8512637146474005,0.8296914221645798
QCOM_TSLA,Tech,90,0.004068196737190094,81.7720087615558,-49.32826001512747,-0.16349908965768892,-18.890063190455376,-0.19528492413551013,-63.92762148764702,45,46.666666666666664,-0.19293528159441198,75.18307733355216,-94.07314052400754,3.1553615482734276,0.23370612305845626,-7.675294267048077,3,0.9769094138543518,-72.02771578527873,0.4289910471939664,5.772646536412078,0.22372426603267553,94.71830985915493,True,0.576,-0.9040299968000031,0.9095247539933737
GOOGL_AMD,Tech,90,0.007147499652513487,83.9446179831257,-99.99999999970296,-0.36680606597056375,-56.841719627368484,-0.6119653182867307,-62.25951440174335,46,39.130434782608695,-1.5259720464461748,75.18307733355216,-132.02479696092064,-33.20197356162854,-0.8426008989601715,-35.01572747835208,7,1.6873889875666075,-108.38505089518068,-0.2306355806734408,5.772646536412078,0.24044051669989785,85.44776119402985,False,0.876,-1.1620118347974608,0.4563270126595573
KMI_WMB,Energy,90,0.006946594306112286,115.24149870079715,-1.3620119725968882,-0.010946794603986973,-18.09435722938032,-0.5648883744060033,-19.011789867326357,56,35.714285714285715,-0.3325754179030768,75.18307733355216,-93.27743456293248,2.7978584615155677,0.38199183813725035,-1.9847611108200727,2,0.4440497335701598,-72.38521887203659,0.9468802125432536,1.7761989342806392,0.1976591089584053,96.64804469273743,True,0.883,-1.41612622018501,0.39339085025047715
PSX_MPC,Energy,85,0.024023474179080535,78.13645287444798,-21.713898054082946,-0.11386344359126344,-8.726336761760745,-0.18297257397467573,-26.466882033128975,49,48.97959183673469,-0.13040990697972518,75.18307733355216,-83.90941409531291,-1.4265017251338774,-0.2567122424373214,-2.7266992077468633,1,0.3552397868561279,-76.60957905868604,-0.07373966846264565,2.2202486678507993,0.241395881131196,97.1830985915493,False,0.595,-0.9804419507326874,0.8082559557872214
KMB_DPZ,Consumer,85,0.015872625504351142,54.99879395369501,-12.839140437156772,-0.21479937781460415,-6.279080386924452,-0.12431737372532939,-26.799801676430903,43,55.81395348837209,-0.08104295282267987,75.18307733355216,-81.46215772047661,-2.0959304640533305,-0.6314432320448886,-2.576360237992809,2,0.2664298401420959,-77.27900779760549,-0.5071258583195593,3.5523978685612785,0.27795956409103534,97.6923076923077,False,0.582,-0.9505597320708643,0.9113065589745982
KMB_CMG,Consumer,85,0.03249897767894035,64.91721930029972,-99.99913466739086,-0.5138441637065484,37.50156128089801,0.12636317991013749,-68.23757259094212,31,54.83870967741935,3.927903952217402,75.18307733355216,-37.68151605265415,115.43828303872212,0.8190792116033575,-8.05544640660588,2,1.5097690941385435,40.25520570516996,0.69271603169322,1.7761989342806392,0.18483744867472462,92.15686274509804,True,0.209,-0.4607496440203381,1.833024263613143
TJX_ORLY,Retail,85,0.028144835905390672,56.653901227896334,-59.951168975843295,-0.42318490673981846,6.078405129702236,0.0725298831063848,-45.44359069331607,44,61.36363636363637,0.3041973669043761,75.18307733355216,-69.10467220384993,-4.790247625017696,-0.22163067454374571,-11.433854383180977,6,1.6873889875666075,-79.97332495856986,-0.2941605576501305,6.660746003552398,0.2425939163059489,89.44591029023746,False,0.354,-0.704248551488785,1.1568325759933105
EOG_FANG,Energy,85,0.024005526984674338,73.96389908064737,27.053885737276918,0.251281920384011,-9.125493424169218,-0.15036104246179965,-18.830170607279705,55,47.27272727272727,-0.09384520074255123,75.18307733355216,-84.30857075772138,-4.235916287661823,-0.2676091345093819,-4.837251445956692,6,1.5985790408525755,-79.41899362121399,-0.11724809204758224,6.660746003552398,0.2546363137597877,88.98809523809523,False,0.604,-0.9218181046811097,0.8358139440759765
SBUX_KMB,Consumer,85,0.036398513236806936,65.3823465301924,18.753108970944155,0.1699419344237867,-20.48450772313113,-0.2889136483188404,-31.864188463689846,29,51.724137931034484,-0.5826363575095738,75.18307733355216,-95.6675850566833,-5.160543888992075,-0.5856228462747618,-5.160543888992075,2,0.17761989342806395,-80.34362122254424,-0.2967091979559214,4.440497335701599,0.29262400455603454,97.48201438848922,False,0.667,-1.0537433394830855,0.8146367628174543
KMB_MDLZ,Consumer,85,0.026759204216369924,63.88342779936291,-70.4053619812501,-0.6545546012980294,-32.92256501202472,-0.49169536706580125,-38.17354722632314,40,45.0,-0.8289062998543525,75.18307733355216,-108.1056423455769,-10.14909936612921,-0.6782649300705292,-10.14909936612921,2,0.7992895204262878,-85.33217669968137,-0.186569563004728,3.5523978685612785,0.26466552755285055,93.01675977653632,False,0.819,-1.2426713629686787,0.5002666397530603
SRE_FE,Utilities,85,0.04808359563071522,59.263008990710354,-11.782687123507717,-0.07154948805584406,-4.201773968442146,-0.0609881403285899,-30.904892668659766,50,56.00000000000001,0.02445489092156734,75.18307733355216,-79.3848513019943,-9.161465724114858,-0.8851037500309449,-12.436338764219423,3,0.6216696269982238,-84.34454305766702,-0.824115609702355,1.3321492007104796,0.24554916319640324,94.36619718309859,False,0.469,-0.8237337925243541,0.9531964334461
DUK_PEG,Utilities,85,0.017607676681121887,54.14827732133225,52.60106285146699,0.564315659392875,4.779505202330125,0.079356126564796,-36.46491966026089,61,62.295081967213115,0.14072206782957486,75.18307733355216,-70.40357213122203,1.8708490841425451,0.08382137895049231,-7.254405165080661,7,1.8650088809946712,-73.31222824940961,0.004465252385696311,10.124333925399645,0.26977111914902896,89.9425287356322,True,0.369,-0.7059459459351477,1.0869969117672778
AEP_SRE,Utilities,85,0.010762262593976762,51.92066438888718,52.193718131316416,0.4018480898321359,10.953966990715491,0.22347617303007947,-19.174399775303165,56,50.0,0.22964590103820784,75.18307733355216,-64.22911034283668,4.898288218916602,0.27574689734560826,-5.638063677068997,7,2.753108348134991,-70.28478911463556,0.05227072431552879,6.394316163410302,0.2389550321948775,81.98757763975155,True,0.246,-0.6459703944673847,1.2028024377938624
VMC_STLD,Materials,85,0.03253487745358297,67.9874313107083,-18.236892956450546,-0.04424094448605534,163.45946798743148,0.5316710428354156,-41.448308863973125,57,54.385964912280706,2.5027397422848296,75.18307733355216,88.27639065387933,33.00337264499697,0.6888580673302184,-15.033837119763641,5,1.6873889875666075,-42.179704688555184,0.15718702449480282,3.5523978685612785,0.288779368667933,89.76608187134502,True,0.076,-0.1963200058856006,2.4432633487696394
LIN_MLM,Materials,85,0.017072908432000274,68.48316559866652,55.32784502057848,0.5848699170204423,0.5750692696887105,0.010425977031233852,-32.47754637510625,56,57.14285714285714,0.052038558007441234,75.18307733355216,-74.60800806386345,1.455613260643407,0.19045286881581652,-2.4652035676824684,3,0.6216696269982238,-73.72746407290876,0.18002689178458267,3.996447602131439,0.239739305945807,96.72131147540983,True,0.427,-0.8201188819594775,1.068314210568451
UNH_TMO,Healthcare,85,0.012247288665694963,62.038023976777176,9.047772235410712,0.11344843472150003,-42.6823961849947,-0.7072910863030092,-53.751927933415786,40,50.0,-1.2371059653963759,75.18307733355216,-117.86547351854686,-8.259507083663998,-0.375822576728389,-11.982937122675349,6,1.0657193605683837,-83.44258441721615,0.3314685095746202,4.8845470692717585,0.278786419794141,87.65060240963855,True,0.918,-1.35577561848209,0.28341329841901364
JPM_AXP,Banking,85,0.013106028127006553,65.77210666751647,-27.13083475031517,-0.4705699900222856,-19.048086401616583,-0.3800408069846095,-29.60718837177781,51,47.05882352941176,-0.3380796652771789,75.18307733355216,-94.23116373516875,-0.30536002008025864,-0.16722883561061222,-0.7350072922268127,1,0.17761989342806395,-75.48843735363242,0.2128119713739973,0.4440497335701598,0.1969027742067721,99.1891891891892,True,0.772,-1.136429970991473,0.5591186679134584
USB_TFC,Banking,85,0.03171327180773622,56.349105669001325,-16.75988249305087,-0.4045577282769434,-15.48122910071309,-0.3182034170898699,-21.575138986849453,42,52.38095238095239,-0.32866547106831323,75.18307733355216,-90.66430643426526,-2.11114987314881,-0.21437087429105514,-4.901187794072092,2,0.7104795737122558,-77.29422720670097,0.10383254279881474,6.660746003552398,0.2183976032739143,92.61744966442953,True,0.714,-1.1297374883295284,0.6716472654021941
SCHW_FITB,Banking,85,0.02768535922648955,57.56363982293319,1.6023488240227035,0.005824863046933865,58.968523292011014,0.38194001544597966,-27.47634363591786,53,47.16981132075472,1.4303644301059704,75.18307733355216,-16.214554041541152,-32.44883395495871,-1.0674234508828415,-34.2493555309207,9,1.6873889875666075,-107.63191128851086,-1.4493634663288213,4.8845470692717585,0.27912662097427055,83.95904436860067,False,0.138,-0.4435223227176692,1.6681806173430636
FCX_MLM,Materials,85,0.020152237314299076,78.21193495871046,58.37783357067603,0.2836819432841329,-31.862511516899584,-0.3181080441014771,-52.81567473068637,54,55.55555555555556,-0.4319643160737004,75.18307733355216,-107.04558885045175,-3.9428810508952528,-0.1833249832986148,-10.682296323884943,2,0.6216696269982238,-79.12595838444742,0.1347830608028623,6.216696269982238,0.2978186892144615,94.03973509933775,True,0.683,-0.9008783931194574,0.7367080085694722
SYK_ISRG,Healthcare,85,0.029727269520494003,58.256296056412374,-25.28990358982892,-0.27275422865842236,-9.870313982626545,-0.16739505203507712,-31.06447990416171,48,43.75,-0.12918639042809554,75.18307733355216,-85.0533913161787,3.68970211423556,0.23232584169445217,-8.051742725986923,4,1.6873889875666075,-71.4933752193166,0.3997208937295293,3.5523978685612785,0.22220820408437392,90.09009009009009,True,0.568,-1.010040148460933,0.836731498315537
JNJ_ZTS,Healthcare,85,0.020518629620184702,67.83901011449221,20.597738179580883,0.1752501119116268,10.439611191382925,0.15646478872891426,-24.111119206948686,46,58.69565217391305,0.315407216037306,75.18307733355216,-64.74346614216924,0.4488874973245016,0.07470091402653835,-2.0465322243024997,1,0.17761989342806395,-74.73418983622766,-0.08176387470237591,1.7761989342806392,0.2522347209177141,98.7987987987988,False,0.291,-0.7266214284494743,1.2020113724786734
JNJ_UNH,Healthcare,85,0.028191054165559577,64.12604647139172,11.14159600748048,0.14756461584702843,-5.589883353416369,-0.14199831739844013,-15.292788264402512,41,53.65853658536586,-0.0959660039837111,75.18307733355216,-80.77296068696853,-7.373912002823757,-0.4930433930653858,-10.168552289033737,3,1.9538188277087036,-82.55698933637592,-0.35104507566694565,5.328596802841918,0.31239488020883066,85.04672897196261,False,0.599,-0.9978627752221723,0.9318292802901249
ETN_CTAS,Industrials,85,0.029010487224709967,57.88783919126741,21.06831902636952,0.1674653591249068,-23.519986801746885,-0.2780702278359653,-44.02368257839313,52,50.0,-0.32286935848226855,75.18307733355216,-98.70306413529904,5.116557364155838,0.3953876784656916,-3.033700062958949,2,0.5328596802841918,-70.06651996939632,0.6734579063016569,0.4440497335701598,0.2274906693255227,97.79411764705883,True,0.674,-0.9288935474991876,0.8690856536831342
LMT_ITW,Industrials,85,0.028750424958174994,78.96730112961262,45.57156443318402,0.27893207300255846,-32.04320271722616,-0.40468457229369287,-50.57548072533087,37,45.94594594594595,-1.0845091660740989,75.18307733355216,-107.22628005077833,6.520992219383026,0.22505992529084243,-13.113523202213079,1,0.5328596802841918,-68.66208511416913,0.6297444975845353,2.2202486678507993,0.18972536409481705,97.17514124293785,True,0.74,-1.088839543768519,0.7103284496321215
FCX_VMC,Materials,85,0.02595810806480639,83.25513914145104,13.566617997511464,0.05543759642477541,-39.528644907498354,-0.42011858800246066,-61.66533561973067,53,47.16981132075472,-0.6755027286694796,75.18307733355216,-114.71172224105052,23.245358782554646,0.6414337971810203,-9.963245626323411,7,1.8650088809946712,-51.937718550997516,1.061552385183481,7.104795737122557,0.30484521982096197,87.78877887788778,True,0.764,-0.9870990907033346,0.7469149458424789
PPL_NRG,Utilities,77,0.011464895450550629,65.03180433019163,-75.0758297574715,-0.5437990408841059,-49.28608844281398,-0.9647207849394435,-54.7364908765933,53,41.509433962264154,-1.1897170269610684,75.18307733355216,-124.46916577636613,-2.429836439185018,-0.2650772238501467,-3.6100069738694742,1,0.4440497335701598,-77.61291377273719,0.6996435610892968,0.8880994671403196,0.16055142652998944,97.5669099756691,True,0.967,-1.6193545136804246,-0.11025343648302571
NEE_XEL,Utilities,75,0.023678990102301532,83.94549012657933,5.934821399856727,0.15462418990667492,-39.50052635165029,-0.6275098752110946,-51.775287371619704,55,45.45454545454545,-0.7951085388452441,75.18307733355216,-114.68360368520246,-12.529691057894233,-0.49671459468819473,-14.957623830332455,3,0.6216696269982238,-87.71276839144639,0.13079528052289985,3.996447602131439,0.1631249128627572,96.91516709511568,True,0.893,-1.2204068602565892,0.41050716640650425
ABBV_AMGN,Healthcare,75,0.02518918267138332,73.20515048414283,-23.08908990654097,-0.2716785884359827,-13.673887884167325,-0.2467793924588317,-26.51856071417809,44,47.72727272727273,-0.2893078119991476,75.18307733355216,-88.85696521771949,-2.1457904137407557,-0.2059074092735322,-2.8046977075023793,2,0.2664298401420959,-77.32886774729292,0.0408719831852995,3.108348134991119,0.23925479575116912,98.46547314578005,True,0.652,-1.1427086143785914,0.7575193452233873
VLO_FANG,Energy,75,0.046304276190556735,77.00417818518201,-25.7644326007162,-0.23124770137205808,-19.365074973194897,-0.24651658386861572,-38.51264515537693,54,51.85185185185185,-0.4220199500129005,75.18307733355216,-94.54815230674706,-5.825512039671798,-0.3233808210749184,-8.874214763393418,2,0.8880994671403196,-81.00858937322396,-0.07686423720630267,0.8880994671403196,0.24698462924808895,93.84615384615384,False,0.651,-0.9767893298478559,0.846112052930367
PSX_FANG,Energy,75,0.04308682596303715,76.34432280602843,-19.498031769762626,-0.15168096948570736,53.52509809349928,0.6362281218048212,-20.17570044795888,54,59.25925925925925,0.8965172089475297,75.18307733355216,-21.65797924005288,1.81421755036284,0.12262292682709412,-5.8930781823692415,4,1.2433392539964476,-73.36885978318932,-0.5136051949777272,9.236234458259325,0.29043413287123576,92.42424242424242,False,0.059,-0.21301161118322956,1.7687419928781676
CVX_VLO,Energy,75,0.02327379080611459,79.19951597686611,14.011536563097259,0.06787808786242645,-19.01932550628933,-0.232013308450823,-39.87361868329199,56,48.214285714285715,-0.21854981907831986,75.18307733355216,-94.2024028398415,-13.885415901424892,-0.7335632729015168,-17.396927814174347,5,0.9769094138543518,-89.06849323497705,-0.5015499644506938,5.683836589698046,0.2496444195179353,91.71597633136095,False,0.608,-0.9638329065148155,0.8377176344259479
KR_AZO,Retail,75,0.04082432008937578,71.90621703853103,-6.392212229317873,-0.06389967622009789,13.553767447812248,0.16562480923503123,-29.01765219165224,44,59.09090909090909,0.4297434633923353,75.18307733355216,-61.629309885739914,5.252668080464606,0.22702768955902683,-10.055516089412595,8,2.3090586145648313,-69.93040925308756,0.0614028803239956,7.992895204262878,0.3157105927575805,87.12328767123287,True,0.269,-0.6845351375372889,1.231412781577086
ORLY_AZO,Retail,65,0.05242983169456154,51.48636512774203,-13.93002408653058,-0.22939858187881576,-0.7818856581606304,-0.015374305845517588,-17.883410993190495,51,50.98039215686274,0.04146033936837235,75.18307733355216,-75.9649629917128,-5.82532915437366,-0.5691001995759576,-7.797704545850499,2,0.4440497335701598,-81.00840648792582,-0.55372589373044,7.460035523978685,0.2755552097854994,94.73684210526315,False,0.464,-0.8364644612295289,0.9924449400654625
KR_ORLY,Retail,55,0.07337398779592318,84.13661116985745,-8.214597934993195,-0.06557279653084118,17.593039035286708,0.22068831256813792,-23.856114124456738,49,51.02040816326531,0.40465431308068345,75.18307733355216,-57.590038298265455,6.988827781794882,0.4675483905789385,-3.6380798562021393,3,0.9769094138543518,-68.19424955175728,0.24686007801080057,3.108348134991119,0.2726289905800704,94.82758620689656,True,0.232,-0.5493396558549941,1.4108825820412123
HD_LOW,Retail,40,0.16438518719889678,90.63887768408456,16.03297705031448,0.08394997860554901,0.24670365092847035,0.004031157087542987,-28.325783879565574,53,45.28301886792453,0.08338759750407232,75.18307733355216,-74.9363736826237,-0.7460249380207951,-0.04976520399196761,-9.348889071822875,3,1.2433392539964476,-75.92910227157296,-0.0537963610795106,3.5523978685612785,0.21480975404025204,92.32954545454545,False,0.452,-0.7785255991420682,1.0891750832640117
TJX_AZO,Retail,40,0.2635676976709851,93.98385324607655,10.560090871144201,0.08970474288624991,7.110443981373127,0.1262590428354624,-22.520515026384174,50,52.0,0.1858688515552208,75.18307733355216,-68.07263335217904,4.0436595624067095,0.6816934192243796,-0.965556958495184,2,0.6216696269982238,-71.13941777114545,0.5554343763889172,2.2202486678507993,0.18162975197374023,97.36070381231671,True,0.335,-0.7102567602422225,1.20694251980597
CAT_WM,Industrials,85,0.017626879121441046,69.96337339783615,-0.37967950028006126,-0.004803121928477595,-1.5386957352036212,-0.016110416472759417,-37.95291060770627,40,50.0,0.21593720789863485,75.18307733355216,-76.72177306875578,-7.868312490049001,-0.5925434007058066,-9.890816210685442,2,0.2664298401420959,-83.05138982360117,-0.5764329842330471,2.2202486678507993,0.2536292043244992,97.54385964912281,False,0.442,-0.871467396924408,1.102509965378382
EMR_CTAS,Industrials,85,0.014863033272249849,64.12108986087847,15.73180538378265,0.16459594858692508,-43.51384872578885,-0.8250789672096166,-53.81406780867361,47,40.42553191489361,-1.1137305469817482,75.18307733355216,-118.69692605934101,-8.394963965526303,-0.43003264389089074,-10.811115231344452,3,0.9769094138543518,-83.57804129907846,0.39504632331872586,2.664298401420959,0.21386441182947133,94.24657534246576,True,0.962,-1.4818301654995836,0.07091503216938098
TFC_KEY,Banking,85,0.03790241900937697,48.99998868070051,-16.456004195849182,-0.06825978405524659,-46.74652982276526,-0.2965384717462389,-79.41205154794005,56,42.857142857142854,-0.32836574834842686,75.18307733355216,-121.92960715631742,-8.348893964888093,-0.20719871840934498,-19.837920488994076,4,1.2433392539964476,-83.53197129844025,0.0893397533368939,6.660746003552398,0.2998634688127112,92.09726443768997,True,0.608,-0.8090801951000376,1.069992082014418
PNC_CFG,Banking,85,0.03221775978453924,62.06472728573843,-77.27943141431078,-0.32879472905623125,260.56530229709807,0.5075931391852603,-51.549704350656334,48,60.416666666666664,4.649684883230451,75.18307733355216,185.3822249635459,166.7109962437527,0.7871244807398627,-26.085477700966358,14,4.440497335701599,91.52791891020054,0.27953134155460246,20.603907637655418,0.3854216932252895,69.20529801324503,True,0.047,-0.16563634172516747,3.127949247390358
QCOM_INTU,Tech,85,0.027606942865853797,67.23439183733906,-33.95617840215248,-0.33533104084057,-13.465009771284443,-0.1674255967478378,-34.69440201224742,44,52.27272727272727,-0.14255536708421485,75.18307733355216,-88.6480871048366,2.1127488105969983,0.15940689750004372,-3.4375160682548422,4,1.0657193605683837,-73.07032852295517,0.3268324942478815,7.992895204262878,0.25095707008526486,93.75,True,0.57,-0.9151528779768422,0.9646010350086481
TGT_NKE,Consumer,85,0.026605763316381356,72.19079495852712,-21.22548692334997,-0.25560195678199,-46.048596136824905,-0.46904183914878217,-53.200342378983564,42,45.23809523809524,-1.0694576164335332,75.18307733355216,-121.23167347037706,-12.97487948258299,-0.5274598840827059,-17.93992665182231,3,0.7992895204262878,-88.15795681613515,-0.058418044933923774,3.463587921847247,0.2124457621171243,93.01745635910224,False,0.772,-1.1241578290807857,0.5679076581789612
